<?xml version="1.0" encoding="UTF-8"?><?xml-stylesheet type='text/xsl' href='_UpgradeReport_Files/UpgradeReport.xslt'?><UpgradeLog>
<Properties><Property Name="Solution" Value="G4mfc">
</Property><Property Name="Solution File" Value="C:\Users\Chris\UAA\Fall2012\CS 401\POLHEMUS\PDI\PDI_90\Samples\G4mfc\G4mfc.sln">
</Property><Property Name="Date" Value="Tuesday, September 25, 2012">
</Property><Property Name="Time" Value="15:51:19 PM">
</Property></Properties><Event ErrorLevel="0" Project="G4mfc" Source="G4mfc.vcproj" Description="Converting project file 'C:\Users\Chris\UAA\Fall2012\CS 401\POLHEMUS\PDI\PDI_90\Samples\G4mfc\G4mfc.vcproj'.">
</Event><Event ErrorLevel="1" Project="G4mfc" Source="G4mfc.vcproj" Description="VCWebServiceProxyGeneratorTool is no longer supported. The tool has been removed from your project settings.">
</Event><Event ErrorLevel="1" Project="G4mfc" Source="G4mfc.vcproj" Description="MSB8012: $(TargetName) ('G4mfc') does not match the Linker's OutputFile property value 'C:\Users\Chris\UAA\Fall2012\CS 401\POLHEMUS\PDI\PDI_90\Samples\G4mfc\Debug\Win32\G4mfcD.exe' ('G4mfcD') in project configuration 'Debug|Win32'. This may cause your project to build incorrectly. To correct this, please make sure that $(TargetName) property value matches the value specified in %(Link.OutputFile).">
</Event><Event ErrorLevel="1" Project="G4mfc" Source="G4mfc.vcproj" Description="MSB8012: $(TargetPath) ('C:\Users\Chris\UAA\Fall2012\CS 401\POLHEMUS\PDI\PDI_90\Samples\G4mfc\Debug\Win32\G4mfc.exe') does not match the Linker's OutputFile property value 'C:\Users\Chris\UAA\Fall2012\CS 401\POLHEMUS\PDI\PDI_90\Samples\G4mfc\Debug\Win32\G4mfcD.exe' ('C:\Users\Chris\UAA\Fall2012\CS 401\POLHEMUS\PDI\PDI_90\Samples\G4mfc\Debug\Win32\G4mfcD.exe') in project configuration 'Debug|Win32'. This may cause your project to build incorrectly. To correct this, please make sure that $(TargetPath) property value matches the value specified in %(Link.OutputFile).">
</Event><Event ErrorLevel="1" Project="G4mfc" Source="G4mfc.vcproj" Description="MSB8012: $(TargetName) ('G4mfc') does not match the Linker's OutputFile property value 'C:\Users\Chris\UAA\Fall2012\CS 401\POLHEMUS\PDI\PDI_90\Samples\G4mfc\DebugUnicode\Win32\G4mfcUD.exe' ('G4mfcUD') in project configuration 'DebugUnicode|Win32'. This may cause your project to build incorrectly. To correct this, please make sure that $(TargetName) property value matches the value specified in %(Link.OutputFile).">
</Event><Event ErrorLevel="1" Project="G4mfc" Source="G4mfc.vcproj" Description="MSB8012: $(TargetPath) ('C:\Users\Chris\UAA\Fall2012\CS 401\POLHEMUS\PDI\PDI_90\Samples\G4mfc\DebugUnicode\Win32\G4mfc.exe') does not match the Linker's OutputFile property value 'C:\Users\Chris\UAA\Fall2012\CS 401\POLHEMUS\PDI\PDI_90\Samples\G4mfc\DebugUnicode\Win32\G4mfcUD.exe' ('C:\Users\Chris\UAA\Fall2012\CS 401\POLHEMUS\PDI\PDI_90\Samples\G4mfc\DebugUnicode\Win32\G4mfcUD.exe') in project configuration 'DebugUnicode|Win32'. This may cause your project to build incorrectly. To correct this, please make sure that $(TargetPath) property value matches the value specified in %(Link.OutputFile).">
</Event><Event ErrorLevel="1" Project="G4mfc" Source="G4mfc.vcproj" Description="MSB8012: $(TargetName) ('G4mfc') does not match the Linker's OutputFile property value 'C:\Users\Chris\UAA\Fall2012\CS 401\POLHEMUS\PDI\PDI_90\Samples\G4mfc\ReleaseUnicode\Win32\G4mfcU.exe' ('G4mfcU') in project configuration 'ReleaseUnicode|Win32'. This may cause your project to build incorrectly. To correct this, please make sure that $(TargetName) property value matches the value specified in %(Link.OutputFile).">
</Event><Event ErrorLevel="1" Project="G4mfc" Source="G4mfc.vcproj" Description="MSB8012: $(TargetPath) ('C:\Users\Chris\UAA\Fall2012\CS 401\POLHEMUS\PDI\PDI_90\Samples\G4mfc\ReleaseUnicode\Win32\G4mfc.exe') does not match the Linker's OutputFile property value 'C:\Users\Chris\UAA\Fall2012\CS 401\POLHEMUS\PDI\PDI_90\Samples\G4mfc\ReleaseUnicode\Win32\G4mfcU.exe' ('C:\Users\Chris\UAA\Fall2012\CS 401\POLHEMUS\PDI\PDI_90\Samples\G4mfc\ReleaseUnicode\Win32\G4mfcU.exe') in project configuration 'ReleaseUnicode|Win32'. This may cause your project to build incorrectly. To correct this, please make sure that $(TargetPath) property value matches the value specified in %(Link.OutputFile).">
</Event><Event ErrorLevel="0" Project="G4mfc" Source="G4mfc.vcproj" Description="Done converting to new project file 'C:\Users\Chris\UAA\Fall2012\CS 401\POLHEMUS\PDI\PDI_90\Samples\G4mfc\G4mfc.vcxproj'.">
</Event><Event ErrorLevel="3" Project="G4mfc" Source="G4mfc.vcproj" Description="Converted">
</Event></UpgradeLog>